{"epoch": 0, "train loss": 6.9365180125002, "_timestamp": 1688661389.4856455, "_runtime": 68.66977763175964, "_step": 6}