{"epoch": 0, "train loss": 6.9199930957106295, "_timestamp": 1688661389.4868565, "_runtime": 68.60830640792847, "_step": 6}