{"epoch": 0, "train loss": 6.930796435621918, "_timestamp": 1688661389.4855106, "_runtime": 68.68927764892578, "_step": 6}