{"epoch": 0, "train loss": 6.929806373158439, "_timestamp": 1688661389.486552, "_runtime": 68.84408688545227, "_step": 6}