{"epoch": 0, "train loss": 6.929715602124324, "_timestamp": 1688661389.485245, "_runtime": 68.66506505012512, "_step": 6}