{"epoch": 0, "train loss": 6.939641280252426, "_timestamp": 1688661389.4849725, "_runtime": 68.5235013961792, "_step": 6}