{"epoch": 0, "train loss": 6.934587353565654, "_timestamp": 1688661389.487116, "_runtime": 68.82923412322998, "_step": 6, "_wandb": {"runtime": 69}}