{"epoch": 0, "train loss": 6.930800586450295, "_timestamp": 1688661389.4866865, "_runtime": 68.64682245254517, "_step": 6}